{"cameraMode":{"drawMode":0,"name":"Shaded","section":"Shading Mode"},"sceneLighting":true,"audioPlay":false,"sceneViewState":{"m_AlwaysRefresh":false,"showFog":true,"showSkybox":true,"showFlares":true,"showImageEffects":true,"showParticleSystems":true,"showVisualEffectGraphs":true,"m_FxEnabled":true},"in2DMode":false,"pivot":{"x":-11.309999465942383,"y":1.0399999618530274,"z":-6.059999942779541},"rotation":{"x":0.16571059823036195,"y":0.5876840353012085,"z":-0.12453488260507584,"w":0.7821025252342224},"size":6.8347859382629398,"orthographic":false}