{"cameraMode":{"drawMode":0,"name":"Shaded","section":"Shading Mode"},"sceneLighting":true,"audioPlay":false,"sceneViewState":{"m_AlwaysRefresh":false,"showFog":true,"showSkybox":false,"showFlares":true,"showImageEffects":true,"showParticleSystems":true,"showVisualEffectGraphs":true,"m_FxEnabled":true},"in2DMode":false,"pivot":{"x":0.0265347957611084,"y":0.03714871406555176,"z":0.0012013912200927735},"rotation":{"x":0.4188869297504425,"y":0.11848302185535431,"z":-0.05522967875003815,"w":0.898591160774231},"size":6.323276519775391,"orthographic":false}