{"cameraMode":{"drawMode":0,"name":"Shaded","section":"Shading Mode"},"sceneLighting":false,"audioPlay":false,"sceneViewState":{"m_AlwaysRefresh":false,"showFog":true,"showSkybox":false,"showFlares":true,"showImageEffects":true,"showParticleSystems":true,"showVisualEffectGraphs":true,"m_FxEnabled":true},"in2DMode":false,"pivot":{"x":4.249319553375244,"y":0.29600000381469729,"z":-1.1446797847747803},"rotation":{"x":-0.24376308917999268,"y":0.5484409332275391,"z":-0.17109568417072297,"w":-0.7813688516616821},"size":0.3473111391067505,"orthographic":false}